"Timestamp","Email","(1) CEREALS","(2) VITAMIN A RICH VEGETABLES AND TUBERS?","(3) WHITE TUBERS AND ROOTS?","(4) DARK GREEN LEAFY VEGETABLES?","(5) OTHER VEGETABLES?","(6) VITAMIN A RICH FRUITS?","(7) OTHER FRUITS?","(8) ORGAN MEAT (IRON-RICH)? ","(9) FLESH MEATS? ","(10) EGGS? ","(11) FISH? ","(12) LEGUMES, NUTS AND SEEDS?","(13) MILK AND MILK PRODUCTS?","(14) OILS AND FATS?","(15) RED PALM PRODUCTS?","(16) SWEETS?","(17) SPICES, CONDIMENTS, BEVERAGES ?","An Individual Dietary Diversity Score (IDDS) of 8 or above out of 16  can be considered as adequate  dietary diversity. Individuals should attempt to increase dietary diversity to prevent micro-nutrient deficiencies. 
References
https://www.fao.org/3/i1983e/i1983e00.pdf
https://www.indikit.net/indicator/13-individual-dietary-diversity-score-idds

HDDS Form by Dr Rakesh Sarwal (sarwalr@gmail.com)
Credits - Technical assistant by Mr Sumit Kumar (cyberworldorganization@gmail.com)

Leave your comment below:","","",""
"2023/11/05 5:52:21 PM GMT","Abc@cde","Yes","Yes","Yes","Yes","Yes","Yes","Yes","Yes","Yes","Yes","Yes","Yes","Yes","Yes","Yes","Yes","Yes","","Ra","","Breakfast;Snack;Lunch;Dinner"