"Timestamp","Username","Name","Email","(1) Any grain like bread, rice noodles, biscuits, or any other foods made from millet, sorghum, maize, rice, wheat, or  any other locally available grain (like ugali, nshima), ? ","(2) Any potatoes, yams, manioc, cassava or any other foods made from roots or tubers?  ","(3) Any vegetables ","(4) Any fruits? ","(5) Any beef, pork, lamb, goat, rabbit wild game, chicken, duck, or other birds, liver, kidney, heart, or other organ meats? ","(6) Any eggs? ","(7) Any fresh or dried fish or shellfish? ","(8) Any foods made from beans, peas, lentils, or nuts? ","(9) Any cheese, yogurt, milk or other milk products? ","(10) Any foods made with oil, fat, or butter? ","(11) Any sugar, jaggery or honey? ","(12) Any other foods, such as condiments, coffee, tea ? ","Note: The indicator has not been validated against any standard of adequacy to allow a judgement on what number of food groups constitute a ""sufficiently diverse, nor a proxy for adequacy of specific macronutrients or micronutrients. Yet, since HDDS includes the food groups of Minimum Dietary Diversity (MDD) for children 6-23 months old (except Breast Milk), it does give a fair assessment of micronutrient adequacy of the diets of adults. 

References
https://www.fao.org/nutrition/assessment/tools/household-dietary-diversity/en/
https://inddex.nutrition.tufts.edu/data4diets/indicator/household-dietary-diversity-score-hdds
https://www.fantaproject.org/monitoring-and-evaluation/household-dietary-diversity-score
HDDS Form by Dr Rakesh Sarwal (sarwalr@gmail.com)
Credits - Technical assistant by Mr Sumit Kumar (cyberworldorganization@gmail.com)

Leave your comment below:",""
"2023/11/04 8:22:47 AM GMT","cyberworldorganization@gmail.com","","","Sumit","Sumitoneness256@gmail.com","Correct answer","Correct answer 3;Option 3;Correct answer 2","Hh7uuuuu","","","","","","","","","Butiigyyhh"
"2023/11/04 9:57:27 AM GMT","sumitoneness256@gmail.com","Sumit Kumar","","1","1","1","1","1","1","Option 1","Option 1","1","1","0","0","",""
"2023/11/04 10:07:20 AM GMT","sarwalr@gmail.com","rakesh","","1","1","1","1","1","1","1","1","1","1","1","1","",""
"2023/11/04 10:09:03 AM GMT","sarwalr@gmail.com","rakesh","","1","1","0","0","1","1","1","1","1","1","1","1","",""
"2023/11/04 10:13:03 AM GMT","","rakesh","","1","1","0","0","1","1","1","1","1","1","1","1","",""
"2023/11/04 10:17:43 AM GMT","","rakesh","sarwalr@gmail.com","1","1","1","1","1","1","1","1","1","1","1","1","",""
"2023/11/04 10:19:24 AM GMT","","rakesh","sarwalr@gmail.com","0","0","1","1","0","0","0","0","0","0","0","0","",""
"2023/11/04 10:20:54 AM GMT","","rakesh","sarwalr@gmail.com","0","0","0","1","0","0","0","0","0","0","0","0","",""
"2023/11/04 10:23:30 AM GMT","","rakesh","sarwalr@gmail.com","1","1","1","1","1","1","1","1","1","1","1","1","",""
"2023/11/04 10:29:08 AM GMT","","awdadwa@gmail.com","dadawdad@gmail.copm","1","1","1","1","1","1","1","1","1","1","1","1","",""
"2023/11/04 10:30:03 AM GMT","","rakesh","sarwalr@gmail.com","1","1","1","1","1","1","1","1","1","1","1","0","adfasdf",""
"2023/11/04 11:06:46 AM GMT","","rakesh","sarwalr@gmail.com","0","0","0","0","0","0","0","0","0","0","0","0","",""